index,start_ms,complete_ms,complete_dt_ms,success,resumed_ms,resumed_dt_ms,wait_before_next_s
0,35561465,35563435,1970,True,35563487,2022,8.763790263367397
1,35572495,35574468,1973,True,35574488,1993,8.24484060511827
2,35582925,35584864,1939,True,35584880,1955,8.189622575865869
3,35593273,35594841,1568,True,35594887,1614,5.126721617204059
4,35600188,35602024,1836,True,35602094,1906,9.79340135802881
5,35612052,35613673,1621,True,35613678,1626,7.155185868494859
6,35620975,35622948,1973,True,35622951,1976,8.615887906984227
7,35631775,35633548,1773,True,35633628,1853,3.673683350195
8,35637515,35650429,12914,True,35650486,12971,5.427996100116292
9,35656115,35658118,2003,True,35658154,2039,8.309388927377437
10,35666618,35668146,1528,True,35668232,1614,9.545848236144462
11,35677978,35679971,1993,True,35680023,2045,4.520517820519244
12,35684731,35686320,1589,True,35686348,1617,7.685970973449524
13,35694274,35696252,1978,True,35696284,2010,8.608600595894654
14,35705067,35707063,1996,True,35707087,2020,6.850549136084117
15,35714092,35716066,1974,True,35716077,1985,9.243013560935994
16,35725546,35727502,1956,True,35727565,2019,5.1555751092117434
17,35732920,35734876,1956,True,35734887,1967,5.785176925566491
18,35740902,35742883,1981,True,35742892,1990,5.713186795602424
19,35748795,35763286,14491,True,35763361,14566,7.461015580043269
20,35771043,35773020,1977,True,35773029,1986,3.137925078725479
21,35776377,35778367,1990,True,35778425,2048,9.647873996814877
22,35788263,35790236,1973,True,35790295,2032,4.678587218129551
23,35795191,35797147,1956,True,35797165,1974,5.396052327848476
24,35802760,35815546,12786,True,35815571,12811,3.629200422612196
25,35819406,35821381,1975,True,35821430,2024,4.938889075458956
26,35826540,35828487,1947,True,35828498,1958,4.310236846695439
27,35833061,35835030,1969,True,35835035,1974,4.676780418859117
28,35839940,35841901,1961,True,35841916,1976,3.6448069263525498
29,35845757,35847409,1652,True,35847450,1693,4.180754048175102
30,35851838,35853813,1975,True,35853851,2013,5.410007762837873
31,35859438,35861325,1887,True,35861391,1953,6.078657105955283
32,35867752,35869703,1951,True,35869709,1957,3.694111636015665
33,35873625,35875561,1936,True,35875585,1960,3.816525457961176
34,35879684,35881268,1584,True,35881316,1632,5.701499441828227
35,35887271,35889241,1970,True,35889250,1979,9.80053382564504
36,35899267,35901247,1980,True,35901255,1988,7.778297585281229
37,35909240,35911057,1817,True,35911120,1880,9.188519686620422
38,35920569,35922548,1979,True,35922580,2011,5.464718135917225
39,35928215,35930190,1975,True,35930261,2046,6.463664815988861
40,35936870,35938828,1958,True,35938850,1980,9.382152844114678
41,35948482,35950606,2124,True,35950652,2170,3.774042399170176
42,35954697,35956339,1642,True,35956387,1690,9.395939418122783
43,35965963,35967904,1941,True,35967920,1957,7.356653530744751
44,35975619,35977582,1963,True,35977585,1966,3.2306112143496533
45,35981088,35983038,1950,True,35983060,1972,4.717114213695745
46,35988011,35989976,1965,True,35989988,1977,9.458637190268412
47,35999697,36001346,1649,True,36001402,1705,4.413492018744401
48,36005994,36007941,1947,True,36007995,2001,7.127795825034393
49,36015319,36017294,1975,True,36017320,2001,8.313174092400168
50,36025838,36027813,1975,True,36027866,2028,3.812623124884758
51,36031831,36033791,1960,True,36033861,2030,3.522486652378561
52,36037593,36039577,1984,True,36039599,2006,8.676832728613945
53,36048452,36050405,1953,True,36050463,2011,8.949397029557598
54,36059568,36061530,1962,True,36061533,1965,5.140076683735041
55,36066898,36068896,1998,True,36068932,2034,4.519649708256335
56,36073612,36075625,2013,True,36075660,2048,3.894197985547176
57,36079826,36081528,1702,True,36081528,1702,5.986240821195141
58,36087674,36089567,1893,True,36089593,1919,9.279446354864495
59,36099006,36101545,2539,True,36101594,2588,5.9969236754688096
60,36107766,36109751,1985,True,36109801,2035,3.5896458700624194
61,36113563,36115564,2001,True,36115610,2047,6.061194170535231
62,36121896,36123879,1983,True,36123933,2037,6.297514903247684
63,36130398,36132370,1972,True,36132399,2001,5.219059667556515
64,36137806,36139757,1951,True,36139808,2002,7.621493046632934
65,36147641,36149420,1779,True,36149435,1794,9.863832328825158
66,36159468,36161443,1975,True,36161479,2011,9.664308678386464
67,36171307,36172853,1546,True,36172877,1570,7.079579284076553
68,36180146,36182075,1929,True,36182144,1998,9.983919744900431
69,36192349,36194329,1980,True,36194338,1989,9.508029885569808
70,36204058,36218938,14880,True,36218943,14885,4.980471070521126
71,36224158,36226742,2584,True,36226806,2648,6.783600024955501
72,36233757,36235752,1995,True,36235804,2047,3.762868517676837
73,36239738,36241713,1975,True,36241740,2002,4.559015722558446
74,36246512,36248026,1514,True,36248073,1561,7.431168939210331
75,36255734,36257347,1613,True,36257412,1678,9.62720772450496
76,36267197,36269159,1962,True,36269204,2007,6.545614842712833
77,36275920,36277786,1866,True,36277808,1888,3.398635598088408
78,36281447,36283455,2008,True,36283474,2027,4.2256185575822105
79,36287828,36289805,1977,True,36289810,1982,8.67156116625756
80,36298727,36300265,1538,True,36300273,1546,9.362595317151584
81,36309847,36311789,1942,True,36311810,1963,7.976801339467654
82,36320021,36321988,1967,True,36322011,1990,6.581552653827355
83,36328807,36330695,1888,True,36330742,1935,8.906231703529919
84,36339785,36341629,1844,True,36341680,1895,6.6781559913784605
85,36348553,36350259,1706,True,36350281,1727,9.75873459243456
86,36360193,36362154,1961,True,36362208,2015,4.4334334531758515
87,36366808,36368766,1958,True,36368814,2006,7.415146799295665
88,36376433,36378401,1968,True,36378406,1973,5.605645902085388
89,36384255,36385958,1703,True,36386010,1755,4.985164749758691
90,36391199,36393136,1937,True,36393154,1955,8.433696796658833
91,36401736,36403704,1968,True,36403756,2020,9.640949545518147
92,36413640,36415592,1952,True,36415624,1984,5.682253671043997
93,36421549,36423526,1977,True,36423554,2005,9.602568924793282
94,36433360,36435272,1912,True,36435291,1931,4.046603705861203
95,36439516,36441999,2483,True,36442020,2504,5.659356530730502
96,36447930,36449561,1631,True,36449624,1694,7.786638725338575
97,36457591,36459567,1976,True,36459633,2042,7.5306143016380735
98,36467323,36469282,1959,True,36469292,1969,3.30425745003532
99,36472863,36474500,1637,True,36474559,1696,
